
START TRANSACTION;
CREATE TABLE IF NOT EXISTS `django_migrations` (`id` INT NOT NULL PRIMARY KEY, `app` VARCHAR(255) NOT NULL, `name` VARCHAR(255) NOT NULL, `applied` DATETIME NOT NULL);
-- INSERT INTO django_migrations VALUES(1,'contenttypes','0001_initial','2024-05-24 17:57:36.826766');
-- INSERT INTO django_migrations VALUES(2,'auth','0001_initial','2024-05-24 17:57:36.847900');
-- INSERT INTO django_migrations VALUES(3,'admin','0001_initial','2024-05-24 17:57:36.859534');
-- INSERT INTO django_migrations VALUES(4,'admin','0002_logentry_remove_auto_add','2024-05-24 17:57:36.875626');
-- INSERT INTO django_migrations VALUES(5,'admin','0003_logentry_add_action_flag_choices','2024-05-24 17:57:36.886056');
-- INSERT INTO django_migrations VALUES(6,'contenttypes','0002_remove_content_type_name','2024-05-24 17:57:36.909028');
-- INSERT INTO django_migrations VALUES(7,'auth','0002_alter_permission_name_max_length','2024-05-24 17:57:36.923318');
-- INSERT INTO django_migrations VALUES(8,'auth','0003_alter_user_email_max_length','2024-05-24 17:57:36.936232');
-- INSERT INTO django_migrations VALUES(9,'auth','0004_alter_user_username_opts','2024-05-24 17:57:36.945324');
-- INSERT INTO django_migrations VALUES(10,'auth','0005_alter_user_last_login_null','2024-05-24 17:57:36.958037');
-- INSERT INTO django_migrations VALUES(11,'auth','0006_require_contenttypes_0002','2024-05-24 17:57:36.959963');
-- INSERT INTO django_migrations VALUES(12,'auth','0007_alter_validators_add_error_messages','2024-05-24 17:57:36.969798');
-- INSERT INTO django_migrations VALUES(13,'auth','0008_alter_user_username_max_length','2024-05-24 17:57:36.983396');
-- INSERT INTO django_migrations VALUES(14,'auth','0009_alter_user_last_name_max_length','2024-05-24 17:57:36.996619');
-- INSERT INTO django_migrations VALUES(15,'auth','0010_alter_group_name_max_length','2024-05-24 17:57:37.011001');
-- INSERT INTO django_migrations VALUES(16,'auth','0011_update_proxy_permissions','2024-05-24 17:57:37.020190');
-- INSERT INTO django_migrations VALUES(17,'auth','0012_alter_user_first_name_max_length','2024-05-24 17:57:37.033314');
-- INSERT INTO django_migrations VALUES(18,'sessions','0001_initial','2024-05-24 17:57:37.038564');
-- INSERT INTO django_migrations VALUES(19,'reservas','0001_initial','2024-05-24 18:11:32.136651');
-- INSERT INTO django_migrations VALUES(20,'reservas','0002_restaurante_tipo_cocina_delete_reserva','2024-05-25 09:19:33.842559');
-- INSERT INTO django_migrations VALUES(21,'reservas','0003_reserva','2024-05-25 10:28:23.585892');
-- INSERT INTO django_migrations VALUES(22,'reservas','0004_rename_reserva_reserva_restaurante','2024-05-25 10:35:31.947950');
-- INSERT INTO django_migrations VALUES(23,'reservas','0005_alter_reserva_restaurante_restaurante','2024-05-25 11:07:55.900069');
-- INSERT INTO django_migrations VALUES(24,'reservas','0006_alter_reserva_restaurante_restaurante','2024-05-26 08:36:24.038159');
-- INSERT INTO django_migrations VALUES(25,'reservas','0007_alter_reserva_restaurante_restaurante','2024-05-26 08:36:24.048022');
-- INSERT INTO django_migrations VALUES(26,'reservas','0008_alter_reserva_restaurante_restaurante','2024-05-26 09:59:51.225992');
-- INSERT INTO django_migrations VALUES(27,'authtoken','0001_initial','2024-06-01 09:31:19.822657');
-- INSERT INTO django_migrations VALUES(28,'authtoken','0002_auto_20160226_1747','2024-06-01 09:31:19.852457');
-- INSERT INTO django_migrations VALUES(29,'authtoken','0003_tokenproxy','2024-06-01 09:31:19.855802');
-- INSERT INTO django_migrations VALUES(30,'authtoken','0004_alter_tokenproxy_options','2024-06-01 09:31:19.863275');
-- CREATE TABLE IF NOT EXISTS `auth_group_permissions` (`id` INT NOT NULL PRIMARY KEY , `group_id` INT NOT NULL REFERENCES `auth_group` (`id`)  , `permission_id` INT NOT NULL REFERENCES `auth_permission` (`id`)  );
-- INSERT INTO django_content_type VALUES(1,'admin','logentry');
-- INSERT INTO django_content_type VALUES(2,'auth','permission');
-- INSERT INTO django_content_type VALUES(3,'auth','group');
-- INSERT INTO django_content_type VALUES(4,'auth','user');
-- INSERT INTO django_content_type VALUES(5,'contenttypes','contenttype');
-- INSERT INTO django_content_type VALUES(6,'sessions','session');
-- INSERT INTO django_content_type VALUES(7,'reservas','restaurante');
-- INSERT INTO django_content_type VALUES(8,'reservas','reserva_restaurante');
-- INSERT INTO django_content_type VALUES(9,'authtoken','token');
-- INSERT INTO django_content_type VALUES(10,'authtoken','tokenproxy');
-- INSERT INTO auth_permission (content_type_id, codename, name) VALUES (1, 'add_logentry', 'Can add log entry');
-- INSERT INTO auth_permission VALUES(2,1,'change_logentry','Can change log entry');
-- INSERT INTO auth_permission VALUES(3,1,'delete_logentry','Can delete log entry');
-- INSERT INTO auth_permission VALUES(4,1,'view_logentry','Can view log entry');
-- INSERT INTO auth_permission VALUES(5,2,'add_permission','Can add permission');
-- INSERT INTO auth_permission VALUES(6,2,'change_permission','Can change permission');
-- INSERT INTO auth_permission VALUES(7,2,'delete_permission','Can delete permission');
-- INSERT INTO auth_permission VALUES(8,2,'view_permission','Can view permission');
-- INSERT INTO auth_permission VALUES(9,3,'add_group','Can add group');
-- INSERT INTO auth_permission VALUES(10,3,'change_group','Can change group');
-- INSERT INTO auth_permission VALUES(11,3,'delete_group','Can delete group');
-- INSERT INTO auth_permission VALUES(12,3,'view_group','Can view group');
-- INSERT INTO auth_permission VALUES(13,4,'add_user','Can add user');
-- INSERT INTO auth_permission VALUES(14,4,'change_user','Can change user');
-- INSERT INTO auth_permission VALUES(15,4,'delete_user','Can delete user');
-- INSERT INTO auth_permission VALUES(16,4,'view_user','Can view user');
-- INSERT INTO auth_permission VALUES(17,5,'add_contenttype','Can add content type');
-- INSERT INTO auth_permission VALUES(18,5,'change_contenttype','Can change content type');
-- INSERT INTO auth_permission VALUES(19,5,'delete_contenttype','Can delete content type');
-- INSERT INTO auth_permission VALUES(20,5,'view_contenttype','Can view content type');
-- INSERT INTO auth_permission VALUES(21,6,'add_session','Can add session');
-- INSERT INTO auth_permission VALUES(22,6,'change_session','Can change session');
-- INSERT INTO auth_permission VALUES(23,6,'delete_session','Can delete session');
-- INSERT INTO auth_permission VALUES(24,6,'view_session','Can view session');
-- INSERT INTO auth_permission VALUES(25,7,'add_restaurante','Can add restaurante');
-- INSERT INTO auth_permission VALUES(26,7,'change_restaurante','Can change restaurante');
-- INSERT INTO auth_permission VALUES(27,7,'delete_restaurante','Can delete restaurante');
-- INSERT INTO auth_permission VALUES(28,7,'view_restaurante','Can view restaurante');
-- INSERT INTO auth_permission VALUES(29,8,'add_reserva','Can add reserva');
-- INSERT INTO auth_permission VALUES(30,8,'change_reserva','Can change reserva');
-- INSERT INTO auth_permission VALUES(31,8,'delete_reserva','Can delete reserva');
-- INSERT INTO auth_permission VALUES(32,8,'view_reserva','Can view reserva');
-- INSERT INTO auth_permission VALUES(33,8,'add_reserva_restaurante','Can add reserva_restaurante');
-- INSERT INTO auth_permission VALUES(34,8,'change_reserva_restaurante','Can change reserva_restaurante');
-- INSERT INTO auth_permission VALUES(35,8,'delete_reserva_restaurante','Can delete reserva_restaurante');
-- INSERT INTO auth_permission VALUES(36,8,'view_reserva_restaurante','Can view reserva_restaurante');
-- INSERT INTO auth_permission VALUES(37,9,'add_token','Can add Token');
-- INSERT INTO auth_permission VALUES(38,9,'change_token','Can change Token');
-- INSERT INTO auth_permission VALUES(39,9,'delete_token','Can delete Token');
-- INSERT INTO auth_permission VALUES(40,9,'view_token','Can view Token');
-- INSERT INTO auth_permission VALUES(41,10,'add_tokenproxy','Can add Token');
-- INSERT INTO auth_permission VALUES(42,10,'change_tokenproxy','Can change Token');
-- INSERT INTO auth_permission VALUES(43,10,'delete_tokenproxy','Can delete Token');
-- INSERT INTO auth_permission VALUES(44,10,'view_tokenproxy','Can view Token');
-- INSERT INTO auth_group VALUES(1,'clientes');
-- INSERT INTO auth_group_permissions VALUES(1,1,28);
CREATE TABLE IF NOT EXISTS `auth_user_groups` (`id` INT NOT NULL PRIMARY KEY  , `user_id` INT NOT NULL REFERENCES `auth_user` (`id`) , `group_id` INT NOT NULL REFERENCES `auth_group` (`id`)  );
-- INSERT INTO auth_user_groups VALUES(1,3,1);
CREATE TABLE IF NOT EXISTS `auth_user_user_permissions` (`id` INT NOT NULL PRIMARY KEY  , `user_id` INT NOT NULL REFERENCES `auth_user` (`id`)  , `permission_id` INT NOT NULL REFERENCES `auth_permission` (`id`)  );
CREATE TABLE IF NOT EXISTS `django_admin_log` (`id` INT NOT NULL PRIMARY KEY  , `object_id` VARCHAR(255) NULL, `object_repr` VARCHAR(200) NOT NULL, `action_flag` smallint unsigned NOT NULL, `change_message` TEXT NOT NULL, `content_type_id` INT NULL REFERENCES `django_content_type` (`id`) , `user_id` INT NOT NULL REFERENCES `auth_user` (`id`) , `action_time` DATETIME NOT NULL);
-- INSERT INTO django_admin_log VALUES(1,'3','cliente',1,'[{`added`: {}}]',4,2,'2024-06-01 09:12:59.610457');
-- INSERT INTO django_admin_log VALUES(2,'3','cliente',2,'[{`changed`: {`fields`: [`Staff status`]}}]',4,2,'2024-06-01 09:20:33.279861');
-- INSERT INTO django_admin_log VALUES(3,'3','cliente',2,'[{`changed`: {`fields`: [`User permissions`]}}]',4,2,'2024-06-01 09:23:01.438034');
-- INSERT INTO django_admin_log VALUES(4,'3','cliente',2,'[{`changed`: {`fields`: [`User permissions`]}}]',4,2,'2024-06-01 09:23:51.452844');
-- INSERT INTO django_admin_log VALUES(5,'3','cliente',2,'[{`changed`: {`fields`: [`User permissions`]}}]',4,2,'2024-06-01 09:24:23.783821');
-- INSERT INTO django_admin_log VALUES(6,'3','cliente',2,'[{`changed`: {`fields`: [`User permissions`]}}]',4,2,'2024-06-01 09:24:37.799542');
-- INSERT INTO django_admin_log VALUES(7,'3','cliente',2,'[{`changed`: {`fields`: [`User permissions`]}}]',4,2,'2024-06-01 09:25:08.665740');
-- INSERT INTO django_admin_log VALUES(8,'3','cliente',2,'[{`changed`: {`fields`: [`User permissions`]}}]',4,2,'2024-06-01 09:25:23.247387');
-- INSERT INTO django_admin_log VALUES(9,'3','cliente',2,'[{`changed`: {`fields`: [`User permissions`]}}]',4,2,'2024-06-01 09:25:40.147502');
-- INSERT INTO django_admin_log VALUES(10,'3','cliente',2,'[{`changed`: {`fields`: [`User permissions`]}}]',4,2,'2024-06-01 09:26:10.780502');
-- INSERT INTO django_admin_log VALUES(11,'1','clientes',1,'[{`added`: {}}]',3,2,'2024-06-01 09:27:19.238465');
-- INSERT INTO django_admin_log VALUES(12,'3','cliente',2,'[{`changed`: {`fields`: [`Groups`, `User permissions`]}}]',4,2,'2024-06-01 09:27:28.996669');
-- INSERT INTO django_admin_log VALUES(13,'4','clientes',1,'[{`added`: {}}]',4,2,'2024-06-05 16:47:45.233228');
-- INSERT INTO django_admin_log VALUES(14,'4','clientes',2,'[{`changed`: {`fields`: [`Groups`]}}]',4,2,'2024-06-05 16:47:52.125829');
-- INSERT INTO django_admin_log VALUES(15,'4','clientes',3,'',4,2,'2024-06-05 16:49:25.203190');
-- INSERT INTO django_admin_log VALUES(16,'2','Administrador',2,'[{`changed`: {`fields`: [`Username`]}}]',4,2,'2024-06-05 16:50:34.898991');
-- CREATE TABLE IF NOT EXISTS `django_content_type` (`id` INT NOT NULL PRIMARY KEY  , `app_label` VARCHAR(100) NOT NULL, `model` VARCHAR(100) NOT NULL);

-- CREATE TABLE IF NOT EXISTS `auth_permission` (`id` INT NOT NULL PRIMARY KEY  , `content_type_id` INT NOT NULL REFERENCES `django_content_type` (`id`)  , `codename` VARCHAR(100) NOT NULL, `name` VARCHAR(255) NOT NULL);

-- CREATE TABLE IF NOT EXISTS `auth_group` (`id` INT NOT NULL PRIMARY KEY  , `name` VARCHAR(150) NOT NULL UNIQUE);

CREATE TABLE IF NOT EXISTS `auth_user` (`id` INT NOT NULL PRIMARY KEY  , `password` VARCHAR(128) NOT NULL, `last_login` DATETIME NULL, `is_superuser` TINYINT(1) NOT NULL, `username` VARCHAR(150) NOT NULL UNIQUE, `last_name` VARCHAR(150) NOT NULL, `email` VARCHAR(254) NOT NULL, `is_staff` TINYINT(1) NOT NULL, `is_active` TINYINT(1) NOT NULL, `date_joined` DATETIME NOT NULL, `first_name` VARCHAR(150) NOT NULL);
-- INSERT INTO auth_user VALUES(1,'pbkdf2_sha256$600000$eXBVFVkSFntGQQPVk6WW25$KmtMWLzDZD24ODIT1ZQPpSeHcqieikY7bz1Nelv+T1Y=','2024-05-24 18:17:11.187410',1,'elena','','elenawangye1013@gmail.com',1,1,'2024-05-24 18:16:50.189710','');
-- INSERT INTO auth_user VALUES(2,'pbkdf2_sha256$600000$30variKQbJuD2mLuz04dvB$CFOql6xFpfOj2cAUzCoJVntOXzGt2wryWtnAg1j5zhY=','2024-06-01 09:07:53',1,'Administrador','','',1,1,'2024-06-01 09:06:12','');
-- INSERT INTO auth_user VALUES(3,'pbkdf2_sha256$600000$TCrA4mIlzEl1F4pil1TUqK$hzBuzWT46L7fWrcFhjnC/rMq6l0uzlYSLClArFG7JFw=','2024-06-05 16:48:50.323735',0,'cliente','','',1,1,'2024-06-01 09:12:58','');
-- CREATE TABLE IF NOT EXISTS `django_session` (`session_key` VARCHAR(40) NOT NULL PRIMARY KEY, `session_data` VARCHAR NOT NULL, `expire_date` DATETIME NOT NULL);
-- INSERT INTO django_session VALUES('8mo8y4vp3lhux05cs0h8jo6p9mjm3flg','.eJxVjEEOwiAQRe_C2pC2wNC6dO8ZmhlmkKqBpLQr492VpAvd_fz38l5qxn1L815lnRdWZ2XU6fcjDA_JDfAd863oUPK2LqSbog9a9bWwPC-H-xdIWFPLDuA8s5PJk7DvjEX0E0cE7EG6iANYz4GdGS0Fij0DxOhgNN-B5NT7A_kIOKI:1sEtoy:jmBZTH9aerQCZHgjTMhxMCi9F94x7quKUvCh-Eg-Jdk','2024-06-19 16:49:08.267950');
-- INSERT INTO django_session VALUES('2qtkfw88foxiffmd1qwvulo5yc6y0qq0','.eJxVjDkOwjAURO_iGln4O3ihpM8ZrL_YOIASKU4qxN1JpBRQzrw381YJ16WmteU5DaKuCtTptyPkZx53IA8c75PmaVzmgfSu6IM23U-SX7fD_Tuo2Oq2phgExBm5oKWAJoLnGPwZLBcU48EFXwgEyaLk4uKWmTqwHXMhI-rzBe7aOJc:1sEtq7:o0kw35lKueyd9qo-7giKH4oUTtt_-7l66YDg51z1dW0','2024-06-19 16:50:19.841891');
-- CREATE TABLE IF NOT EXISTS `reservas_restaurante` (`id` INT NOT NULL PRIMARY KEY  , `nombre` VARCHAR(100) NOT NULL, `direccion` VARCHAR(200) NOT NULL, `tipo_cocina` VARCHAR(100) NOT NULL);
-- INSERT INTO reservas_restaurante VALUES(11,'dedj','Restaurante ABC','italiano');
-- INSERT INTO reservas_restaurante VALUES(12,'dedj','Restaurante 123','chino');
-- INSERT INTO reservas_restaurante VALUES(13,'dedj','Restaurante 1dfsf23','español');
-- INSERT INTO reservas_restaurante VALUES(14,'Restaurante prueba','Calle blablabla','americano');
-- INSERT INTO reservas_restaurante VALUES(15,'Restaurante prueba','Calle blablabla','americano');
-- INSERT INTO reservas_restaurante VALUES(16,'prueba usuario con permi','prueba','prueba');
-- -- CREATE TABLE IF NOT EXISTS `reservas_reserva_restaurante` (`id` INT NOT NULL PRIMARY KEY  , `nombre_reserva` VARCHAR(100) NOT NULL, `fecha` date NOT NULL, `hora` time NOT NULL, `numero_personas` INT unsigned NOT NULL CHECK (`numero_personas` >= 0), `restaurante_id` bigint NOT NULL REFERENCES `reservas_restaurante` (`id`)  );
-- INSERT INTO reservas_reserva_restaurante VALUES(1,'Maria','2024-06-01','19:00:00',5,11);
-- INSERT INTO reservas_reserva_restaurante VALUES(2,'Reserva de prueba','2024-06-01','19:00:00',4,11);
-- INSERT INTO reservas_reserva_restaurante VALUES(3,'Reserva de Juan','2024-06-01','19:00:00',8,14);
-- INSERT INTO reservas_reserva_restaurante VALUES(4,'angela','2024-06-01','14:38:00',4,16);
CREATE TABLE IF NOT EXISTS `authtoken_token` (`key` VARCHAR(40) NOT NULL PRIMARY KEY, `created` DATETIME NOT NULL, `user_id` INT NOT NULL UNIQUE REFERENCES `auth_user` (`id`));


-- CREATE UNIQUE INDEX `auth_group_permissions_group_id_permission_id_0cd325b0_uniq` ON `auth_group_permissions` (`group_id`, `permission_id`);
-- CREATE INDEX `auth_group_permissions_group_id_b120cbf9` ON `auth_group_permissions` (`group_id`);
-- CREATE INDEX `auth_group_permissions_permission_id_84c5c92e` ON `auth_group_permissions` (`permission_id`);
-- CREATE UNIQUE INDEX `auth_user_groups_user_id_group_id_94350c0c_uniq` ON `auth_user_groups` (`user_id`, `group_id`);
-- CREATE INDEX `auth_user_groups_user_id_6a12ed8b` ON `auth_user_groups` (`user_id`);
-- CREATE INDEX `auth_user_groups_group_id_97559544` ON `auth_user_groups` (`group_id`);
-- CREATE UNIQUE INDEX `auth_user_user_permissions_user_id_permission_id_14a6b632_uniq` ON `auth_user_user_permissions` (`user_id`, `permission_id`);
-- CREATE INDEX `auth_user_user_permissions_user_id_a95ead1b` ON `auth_user_user_permissions` (`user_id`);
-- CREATE INDEX `auth_user_user_permissions_permission_id_1fbb5f2c` ON `auth_user_user_permissions` (`permission_id`);
-- CREATE INDEX `django_admin_log_content_type_id_c4bce8eb` ON `django_admin_log` (`content_type_id`);
-- CREATE INDEX `django_admin_log_user_id_c564eba6` ON `django_admin_log` (`user_id`);
-- CREATE UNIQUE INDEX `django_content_type_app_label_model_76bd3d3b_uniq` ON `django_content_type` (`app_label`, `model`);
-- CREATE UNIQUE INDEX `auth_permission_content_type_id_codename_01ab375a_uniq` ON `auth_permission` (`content_type_id`, `codename`);
-- CREATE INDEX `auth_permission_content_type_id_2f476e4b` ON `auth_permission` (`content_type_id`);
-- CREATE INDEX `django_session_expire_date_a5c62663` ON `django_session` (`expire_date`);
-- CREATE INDEX `reservas_reserva_restaurante_restaurante_id_51817eea` ON `reservas_reserva_restaurante` (`restaurante_id`);
COMMIT;
